{"posts":{"items":[{"id":"1","name":"pest-control-and-fumigation","title":"Pest Control and Fumigation","created":1622111279127,"updated":1635930401130,"featured":"DSC_0717.jpg","excerpt":"Octavian Ghana Limited is a limited liability company incorporated in Ghana since 2016. We provide pest control and fumigation services for homeowners, commercial enterprises including apartment and office buildings, warehouses, educational facilities, ho...","fileName":"pest-control-and-fumigation.html","publicUrl":"np://user.desktop.nicepage.com/Site_209276618/blog/pest-control-and-fumigation.html"},{"id":"2","name":"why-your-property-needs-a-property-management-company-right-for-your-real-estate-investment","title":"Why Your Property Needs a Property Management Company Right For Your Real Estate Investment?","created":1622111279141,"updated":1635930352940,"featured":"acp_estates0006-835x467.jpg","excerpt":"Property management – also known as real estate management – is best for owners of real estate who want professional help overseeing the well being, marketing, and maintenance of a property.The property manager shoulders the responsibility of handling the...","fileName":"why-your-property-needs-a-property-management-company-right-for-your-real-estate-investment.html","publicUrl":"np://user.desktop.nicepage.com/Site_209276618/blog/why-your-property-needs-a-property-management-company-right-for-your-real-estate-investment.html"},{"id":"3","name":"the-basics-of-security-management","title":"The Basics Of Security Management","created":1622111279151,"updated":1702566771946,"featured":"DSC_07601.jpg","excerpt":"Security management for today’s businesses and corporations is complex. A company’s Chief Security Officer (CSO) is charged with identifying the organization’s assets then overseeing the documentation, development and implementation of any necessary polic...","fileName":"the-basics-of-security-management.html","publicUrl":"np://user.desktop.nicepage.com/Site_209276618/blog/the-basics-of-security-management.html"}]}}