[{"id":"user-image-WhatsAppImage2023-12-18at08.53.44_7b3480a5.jpg","publicUrl":"np://user.desktop.nicepage.com/Site_209276618/images/WhatsAppImage2023-12-18at08.53.44_7b3480a5.jpg","size":50131,"hash":"5+02uFSkQJiTaPClKT+i0U6F8mc=","fileName":"WhatsAppImage2023-12-18at08.53.44_7b3480a5.jpg","name":"WhatsAppImage2023-12-18at08.53.44_7b3480a5","width":576,"height":1024,"thumbnail":{"url":"np://user.desktop.nicepage.com/Site_209276618/images/thumbnails/WhatsAppImage2023-12-18at08.53.44_7b3480a5.jpg","width":141,"height":250},"folderId":null,"usages":["221778914"]},{"id":"user-image-Logos-OmniDiag.jpg","publicUrl":"np://user.desktop.nicepage.com/Site_209276618/images/Logos-OmniDiag.jpg","size":91043,"hash":"JAWE3ZShgVvpzwu9+WP9PdzjZi8=","fileName":"Logos-OmniDiag.jpg","name":"Logos-OmniDiag","width":1140,"height":1140,"thumbnail":{"url":"np://user.desktop.nicepage.com/Site_209276618/images/thumbnails/Logos-OmniDiag.jpg","width":250,"height":250},"folderId":null,"usages":["71087476"]},{"id":"user-image-logo-01.png","publicUrl":"np://user.desktop.nicepage.com/Site_209276618/images/logo-01.png","size":41558,"hash":"qUGJF1fL73vtz/qgXK8oL5tXW+M=","fileName":"logo-01.png","name":"logo-01","width":1755,"height":1241,"thumbnail":{"url":"np://user.desktop.nicepage.com/Site_209276618/images/thumbnails/logo-01.png","width":250,"height":177},"folderId":null,"usages":["71087476"]},{"id":"user-image-download.png1.jpg","publicUrl":"np://user.desktop.nicepage.com/Site_209276618/images/download.png1.jpg","size":136637,"hash":"BD1GiseoSmUHIVk8b7i5Olu3md0=","fileName":"download.png1.jpg","name":"download.png1","width":1140,"height":1140,"thumbnail":{"url":"np://user.desktop.nicepage.com/Site_209276618/images/thumbnails/download.png1.jpg","width":250,"height":250},"folderId":null,"usages":["71087476"]},{"id":"user-image-download2.png.jpg","publicUrl":"np://user.desktop.nicepage.com/Site_209276618/images/download2.png.jpg","size":102346,"hash":"QnwcpalcGn8cp7DUnBDUTmfi4f4=","fileName":"download2.png.jpg","name":"download2.png","width":1140,"height":1140,"thumbnail":{"url":"np://user.desktop.nicepage.com/Site_209276618/images/thumbnails/download2.png.jpg","width":250,"height":250},"folderId":null,"usages":["71087476"]},{"id":"user-image-Untitleddesign1.jpg","publicUrl":"np://user.desktop.nicepage.com/Site_209276618/images/Untitleddesign1.jpg","size":189378,"hash":"TURyoEb24Q9RqCVEGg3LCYinoYs=","fileName":"Untitleddesign1.jpg","name":"Untitleddesign1","width":1920,"height":1080,"thumbnail":{"url":"np://user.desktop.nicepage.com/Site_209276618/images/thumbnails/Untitleddesign1.jpg","width":250,"height":141},"folderId":null,"usages":["71087476"]},{"id":"user-image-DSC_07601.jpg","publicUrl":"np://user.desktop.nicepage.com/Site_209276618/images/DSC_07601.jpg","size":399108,"hash":"Jl7pPYHjwzePH1KtGlnINHwHitk=","fileName":"DSC_07601.jpg","name":"DSC_07601","width":1600,"height":1067,"thumbnail":{"url":"np://user.desktop.nicepage.com/Site_209276618/images/thumbnails/DSC_07601.jpg","width":250,"height":167},"folderId":null,"usages":["1637917281"]},{"id":"user-image-IMG_26671.jpg","publicUrl":"np://user.desktop.nicepage.com/Site_209276618/images/IMG_26671.jpg","size":510874,"hash":"jywEwJ1slj9qwnzoZxC1B085OWc=","fileName":"IMG_26671.jpg","name":"IMG_26671","width":1600,"height":1143,"thumbnail":{"url":"np://user.desktop.nicepage.com/Site_209276618/images/thumbnails/IMG_26671.jpg","width":250,"height":179},"folderId":null,"usages":["109539230"]},{"id":"user-image-IMG_26571.jpg","publicUrl":"np://user.desktop.nicepage.com/Site_209276618/images/IMG_26571.jpg","size":604210,"hash":"++02e8fGIhZAzY+VZLjed3nS+Ok=","fileName":"IMG_26571.jpg","name":"IMG_26571","width":1600,"height":1067,"thumbnail":{"url":"np://user.desktop.nicepage.com/Site_209276618/images/thumbnails/IMG_26571.jpg","width":250,"height":167},"folderId":null,"usages":["109539230"]},{"id":"user-image-IMG_24571.jpg","publicUrl":"np://user.desktop.nicepage.com/Site_209276618/images/IMG_24571.jpg","size":513270,"hash":"ChjJzhZpQWSA6W9yCXd3wa71+8s=","fileName":"IMG_24571.jpg","name":"IMG_24571","width":1600,"height":1067,"thumbnail":{"url":"np://user.desktop.nicepage.com/Site_209276618/images/thumbnails/IMG_24571.jpg","width":250,"height":167},"folderId":null,"usages":["109539230"]},{"id":"user-image-IMG_25441.jpg","publicUrl":"np://user.desktop.nicepage.com/Site_209276618/images/IMG_25441.jpg","size":559739,"hash":"gAe9YD0nL8xieztIjjVlC8JUzxM=","fileName":"IMG_25441.jpg","name":"IMG_25441","width":1600,"height":1067,"thumbnail":{"url":"np://user.desktop.nicepage.com/Site_209276618/images/thumbnails/IMG_25441.jpg","width":250,"height":167},"folderId":null,"usages":["109539230"]},{"id":"user-image-IMG_25771.jpg","publicUrl":"np://user.desktop.nicepage.com/Site_209276618/images/IMG_25771.jpg","size":605357,"hash":"rH+WZEgQG1mdM+Tl11v5ROxmFDM=","fileName":"IMG_25771.jpg","name":"IMG_25771","width":1600,"height":1067,"thumbnail":{"url":"np://user.desktop.nicepage.com/Site_209276618/images/thumbnails/IMG_25771.jpg","width":250,"height":167},"folderId":null,"usages":["109539230"]},{"id":"user-image-IMG_26831.jpg","publicUrl":"np://user.desktop.nicepage.com/Site_209276618/images/IMG_26831.jpg","size":451244,"hash":"nzRU0Vi2ZSs3K1C5gn5UKsv1uMM=","fileName":"IMG_26831.jpg","name":"IMG_26831","width":1600,"height":1067,"thumbnail":{"url":"np://user.desktop.nicepage.com/Site_209276618/images/thumbnails/IMG_26831.jpg","width":250,"height":167},"folderId":null,"usages":["109539230"]},{"id":"user-image-IMG_26871.jpg","publicUrl":"np://user.desktop.nicepage.com/Site_209276618/images/IMG_26871.jpg","size":491972,"hash":"3zj5wD0cki1MJxcfWIZw00w25VY=","fileName":"IMG_26871.jpg","name":"IMG_26871","width":1600,"height":1067,"thumbnail":{"url":"np://user.desktop.nicepage.com/Site_209276618/images/thumbnails/IMG_26871.jpg","width":250,"height":167},"folderId":null,"usages":["109539230"]},{"id":"user-image-IMG_24411.jpg","publicUrl":"np://user.desktop.nicepage.com/Site_209276618/images/IMG_24411.jpg","size":528541,"hash":"XL0mXlYlycpTfxbIjpKRk3lv1Mw=","fileName":"IMG_24411.jpg","name":"IMG_24411","width":1600,"height":1067,"thumbnail":{"url":"np://user.desktop.nicepage.com/Site_209276618/images/thumbnails/IMG_24411.jpg","width":250,"height":167},"folderId":null,"usages":["109539230"]},{"id":"user-image-IMG_25181.jpg","publicUrl":"np://user.desktop.nicepage.com/Site_209276618/images/IMG_25181.jpg","size":775457,"hash":"3tF7KIzaiopyKPI0h89hry7uMLs=","fileName":"IMG_25181.jpg","name":"IMG_25181","width":1600,"height":1067,"thumbnail":{"url":"np://user.desktop.nicepage.com/Site_209276618/images/thumbnails/IMG_25181.jpg","width":250,"height":167},"folderId":null,"usages":["96898227","109539230"]},{"id":"user-image-2611.jpg","publicUrl":"np://user.desktop.nicepage.com/Site_209276618/images/2611.jpg","size":288206,"hash":"MeD2mxyEFpGDsf1KTevzPwQSado=","fileName":"2611.jpg","name":"2611","width":1920,"height":1080,"thumbnail":{"url":"np://user.desktop.nicepage.com/Site_209276618/images/thumbnails/2611.jpg","width":250,"height":141},"folderId":null,"usages":["96898227"]},{"id":"user-image-IMG_26601.jpg","publicUrl":"np://user.desktop.nicepage.com/Site_209276618/images/IMG_26601.jpg","size":596984,"hash":"dsv5kKAm5fYjKbVrvxE223Nm4Z4=","fileName":"IMG_26601.jpg","name":"IMG_26601","width":1600,"height":1067,"thumbnail":{"url":"np://user.desktop.nicepage.com/Site_209276618/images/thumbnails/IMG_26601.jpg","width":250,"height":167},"folderId":null,"usages":["96898227","71087476"]},{"id":"user-image-working-malinois-dog-belgian-shepherd-dog-police-guard-dog.jpg","publicUrl":"np://user.desktop.nicepage.com/Site_209276618/images/working-malinois-dog-belgian-shepherd-dog-police-guard-dog.jpg","size":384586,"hash":"IrhBVhjWvuEbJMYkNv+AdwdxB4o=","fileName":"working-malinois-dog-belgian-shepherd-dog-police-guard-dog.jpg","name":"working-malinois-dog-belgian-shepherd-dog-police-guard-dog","width":1000,"height":667,"thumbnail":{"url":"np://user.desktop.nicepage.com/Site_209276618/images/thumbnails/working-malinois-dog-belgian-shepherd-dog-police-guard-dog.jpg","width":250,"height":167},"folderId":null,"usages":["757327152"]},{"id":"user-image-Event-Security.jpg","publicUrl":"np://user.desktop.nicepage.com/Site_209276618/images/Event-Security.jpg","size":321040,"hash":"ANQtchWMMBwIPF4LgszIATH/pH0=","fileName":"Event-Security.jpg","name":"Event-Security","width":900,"height":600,"thumbnail":{"url":"np://user.desktop.nicepage.com/Site_209276618/images/thumbnails/Event-Security.jpg","width":250,"height":167},"folderId":null,"usages":["757327152"]},{"id":"user-image-octaviancarsrebrandcopy.jpg","publicUrl":"np://user.desktop.nicepage.com/Site_209276618/images/octaviancarsrebrandcopy.jpg","size":836895,"hash":"qf4EKZryWM8t4cqXhe9DmAW3GKo=","fileName":"octaviancarsrebrandcopy.jpg","name":"octaviancarsrebrandcopy","width":4500,"height":3000,"thumbnail":{"url":"np://user.desktop.nicepage.com/Site_209276618/images/thumbnails/octaviancarsrebrandcopy.jpg","width":250,"height":167},"folderId":null,"usages":["757327152","109539230"]},{"id":"user-image-IMG_25262.jpg","publicUrl":"np://user.desktop.nicepage.com/Site_209276618/images/IMG_25262.jpg","size":545769,"hash":"DOLa+vg7aEjSHg+Dknri0+wg8KQ=","fileName":"IMG_25262.jpg","name":"IMG_25262","width":1067,"height":1600,"thumbnail":{"url":"np://user.desktop.nicepage.com/Site_209276618/images/thumbnails/IMG_25262.jpg","width":167,"height":250},"folderId":null,"usages":["757327152"]},{"id":"user-image-profile.png.jpg","publicUrl":"np://user.desktop.nicepage.com/Site_209276618/images/profile.png.jpg","size":113340,"hash":"UEd77ChnW36TZd5ZrxTZmnM/gCo=","fileName":"profile.png.jpg","name":"profile.png","width":1140,"height":1140,"thumbnail":{"url":"np://user.desktop.nicepage.com/Site_209276618/images/thumbnails/profile.png.jpg","width":250,"height":250},"folderId":null,"usages":["71087476"]},{"id":"user-image-JFE_Holdings_company_logo.svg.png.jpg","publicUrl":"np://user.desktop.nicepage.com/Site_209276618/images/JFE_Holdings_company_logo.svg.png.jpg","size":140534,"hash":"kEKsmPN2VuiNCt/htOQGW1h5oG8=","fileName":"JFE_Holdings_company_logo.svg.png.jpg","name":"JFE_Holdings_company_logo.svg.png","width":1140,"height":1140,"thumbnail":{"url":"np://user.desktop.nicepage.com/Site_209276618/images/thumbnails/JFE_Holdings_company_logo.svg.png.jpg","width":250,"height":250},"folderId":null,"usages":["71087476"]},{"id":"user-image-download.jpg","publicUrl":"np://user.desktop.nicepage.com/Site_209276618/images/download.jpg","size":155286,"hash":"c/zTGp2bRTjfl4676USkM5X8LdY=","fileName":"download.jpg","name":"download","width":1140,"height":1140,"thumbnail":{"url":"np://user.desktop.nicepage.com/Site_209276618/images/thumbnails/download.jpg","width":250,"height":250},"folderId":null,"usages":["71087476"]},{"id":"user-image-download1.png","publicUrl":"np://user.desktop.nicepage.com/Site_209276618/images/download1.png","size":6258,"hash":"DOSB7JYxjL+NODI1DlW/7Lg71wQ=","fileName":"download1.png","name":"download1","width":351,"height":143,"thumbnail":{"url":"np://user.desktop.nicepage.com/Site_209276618/images/thumbnails/download1.png","width":250,"height":102},"folderId":null,"usages":["71087476"]},{"id":"user-image-1673005441838.jpg","publicUrl":"np://user.desktop.nicepage.com/Site_209276618/images/1673005441838.jpg","size":150586,"hash":"Vkwge4aO9YsCbsZioOa/hRI0oGs=","fileName":"1673005441838.jpg","name":"1673005441838","width":1140,"height":1140,"thumbnail":{"url":"np://user.desktop.nicepage.com/Site_209276618/images/thumbnails/1673005441838.jpg","width":250,"height":250},"folderId":null,"usages":["71087476"]},{"id":"user-image-IMG_25831.jpg","publicUrl":"np://user.desktop.nicepage.com/Site_209276618/images/IMG_25831.jpg","size":621690,"hash":"1fd6jmEDLzxL0m1h6vf1Upay0Q0=","fileName":"IMG_25831.jpg","name":"IMG_25831","width":1600,"height":1067,"thumbnail":{"url":"np://user.desktop.nicepage.com/Site_209276618/images/thumbnails/IMG_25831.jpg","width":250,"height":167},"folderId":null,"usages":["71087476","109539230"]},{"id":"user-image-611.jpg","publicUrl":"np://user.desktop.nicepage.com/Site_209276618/images/611.jpg","size":610085,"hash":"l2DyuPlQ/AwtNW7E/2DsBZlolwg=","fileName":"611.jpg","name":"611","width":1600,"height":900,"thumbnail":{"url":"np://user.desktop.nicepage.com/Site_209276618/images/thumbnails/611.jpg","width":250,"height":141},"folderId":null,"usages":["71087476"]},{"id":"user-image-securityman31.png","publicUrl":"np://user.desktop.nicepage.com/Site_209276618/images/securityman31.png","size":391311,"hash":"VCQ/x+t80zUJ9JPmafnYhObhBaM=","fileName":"securityman31.png","name":"securityman31","width":441,"height":768,"thumbnail":{"url":"np://user.desktop.nicepage.com/Site_209276618/images/thumbnails/securityman31.png","width":144,"height":250},"folderId":null,"usages":["71087476"]},{"id":"user-image-331.jpg","publicUrl":"np://user.desktop.nicepage.com/Site_209276618/images/331.jpg","size":445266,"hash":"k/QA6Ivx5fOTsev5l3A3Bu8wpDg=","fileName":"331.jpg","name":"331","width":1600,"height":900,"thumbnail":{"url":"np://user.desktop.nicepage.com/Site_209276618/images/thumbnails/331.jpg","width":250,"height":141},"folderId":null,"usages":["71087476"]},{"id":"user-image-octaviannewlogo-15.png","publicUrl":"np://user.desktop.nicepage.com/Site_209276618/images/octaviannewlogo-15.png","size":102753,"hash":"CQW7nBuiFgWY0eP0DgxvmVuRQyg=","fileName":"octaviannewlogo-15.png","name":"octaviannewlogo-15","width":3752,"height":956,"thumbnail":{"url":"np://user.desktop.nicepage.com/Site_209276618/images/thumbnails/octaviannewlogo-15.png","width":250,"height":64},"folderId":null,"usages":[]},{"id":"user-image-IMG_2507.jpg","publicUrl":"np://user.desktop.nicepage.com/Site_209276618/images/IMG_2507.jpg","size":216754,"fileName":"IMG_2507.jpg","name":"IMG_2507","width":1600,"height":1067,"thumbnail":{"url":"np://user.desktop.nicepage.com/Site_209276618/images/thumbnails/IMG_2507.jpg","width":250,"height":167},"usages":["109539230"]},{"id":"user-image-Untitleddesign11.jpg","publicUrl":"np://user.desktop.nicepage.com/Site_209276618/images/Untitleddesign11.jpg","size":189378,"fileName":"Untitleddesign11.jpg","name":"Untitleddesign11","width":1920,"height":1080,"thumbnail":{"url":"np://user.desktop.nicepage.com/Site_209276618/images/thumbnails/Untitleddesign11.jpg","width":250,"height":141},"usages":["757327152","86423430"]},{"id":"user-image-IMG_2701.jpg","publicUrl":"np://user.desktop.nicepage.com/Site_209276618/images/IMG_2701.jpg","size":349734,"fileName":"IMG_2701.jpg","name":"IMG_2701","width":1600,"height":1067,"thumbnail":{"url":"np://user.desktop.nicepage.com/Site_209276618/images/thumbnails/IMG_2701.jpg","width":250,"height":167},"usages":["86423430"]},{"id":"user-image-756be8d856d8537a5beb2c26d5eb276b035ce0a558a245b62c723993aabd748d80392889f8debcd2c1110bcc11a8fa3f73b9eed002792c951ae3c2_1280.jpg","publicUrl":"np://user.desktop.nicepage.com/Site_209276618/images/756be8d856d8537a5beb2c26d5eb276b035ce0a558a245b62c723993aabd748d80392889f8debcd2c1110bcc11a8fa3f73b9eed002792c951ae3c2_1280.jpg","size":587257,"fileName":"756be8d856d8537a5beb2c26d5eb276b035ce0a558a245b62c723993aabd748d80392889f8debcd2c1110bcc11a8fa3f73b9eed002792c951ae3c2_1280.jpg","name":"756be8d856d8537a5beb2c26d5eb276b035ce0a558a245b62c723993aabd748d80392889f8debcd2c1110bcc11a8fa3f73b9eed002792c951ae3c2_1280","width":1280,"height":954,"thumbnail":{"url":"np://user.desktop.nicepage.com/Site_209276618/images/thumbnails/756be8d856d8537a5beb2c26d5eb276b035ce0a558a245b62c723993aabd748d80392889f8debcd2c1110bcc11a8fa3f73b9eed002792c951ae3c2_1280.jpg","width":250,"height":186},"usages":["86423430"]},{"id":"user-image-IMG_2479.jpg","publicUrl":"np://user.desktop.nicepage.com/Site_209276618/images/IMG_2479.jpg","size":387170,"fileName":"IMG_2479.jpg","name":"IMG_2479","width":1600,"height":1067,"thumbnail":{"url":"np://user.desktop.nicepage.com/Site_209276618/images/thumbnails/IMG_2479.jpg","width":250,"height":167},"usages":["109539230"]},{"id":"user-image-DCL.jpg","publicUrl":"np://user.desktop.nicepage.com/Site_209276618/images/DCL.jpg","size":91562,"fileName":"DCL.jpg","name":"DCL","width":1080,"height":1080,"thumbnail":{"url":"np://user.desktop.nicepage.com/Site_209276618/images/thumbnails/DCL.jpg","width":250,"height":250},"usages":["757327152","86423430"]},{"id":"user-image-IMG_2432.jpg","publicUrl":"np://user.desktop.nicepage.com/Site_209276618/images/IMG_2432.jpg","size":295960,"fileName":"IMG_2432.jpg","name":"IMG_2432","width":1600,"height":1067,"thumbnail":{"url":"np://user.desktop.nicepage.com/Site_209276618/images/thumbnails/IMG_2432.jpg","width":250,"height":167},"usages":["109539230"]},{"id":"user-image-IMG_2423.jpg","publicUrl":"np://user.desktop.nicepage.com/Site_209276618/images/IMG_2423.jpg","size":317112,"fileName":"IMG_2423.jpg","name":"IMG_2423","width":1600,"height":1067,"thumbnail":{"url":"np://user.desktop.nicepage.com/Site_209276618/images/thumbnails/IMG_2423.jpg","width":250,"height":167},"usages":["757327152","86423430"]},{"id":"user-image-IMG_2412.jpg","publicUrl":"np://user.desktop.nicepage.com/Site_209276618/images/IMG_2412.jpg","size":301277,"fileName":"IMG_2412.jpg","name":"IMG_2412","width":1600,"height":1067,"thumbnail":{"url":"np://user.desktop.nicepage.com/Site_209276618/images/thumbnails/IMG_2412.jpg","width":250,"height":167},"usages":["109539230"]},{"id":"user-image-Event-Security1.jpg","publicUrl":"np://user.desktop.nicepage.com/Site_209276618/images/Event-Security1.jpg","size":340274,"fileName":"Event-Security1.jpg","name":"Event-Security1","width":900,"height":600,"thumbnail":{"url":"np://user.desktop.nicepage.com/Site_209276618/images/thumbnails/Event-Security1.jpg","width":250,"height":167},"usages":["86423430"]},{"id":"user-image-IMG_2410.jpg","publicUrl":"np://user.desktop.nicepage.com/Site_209276618/images/IMG_2410.jpg","size":333779,"fileName":"IMG_2410.jpg","name":"IMG_2410","width":1600,"height":1067,"thumbnail":{"url":"np://user.desktop.nicepage.com/Site_209276618/images/thumbnails/IMG_2410.jpg","width":250,"height":167},"usages":["109539230"]},{"id":"user-image-IMG_24022.jpg","publicUrl":"np://user.desktop.nicepage.com/Site_209276618/images/IMG_24022.jpg","size":247789,"fileName":"IMG_24022.jpg","name":"IMG_24022","width":1600,"height":1067,"thumbnail":{"url":"np://user.desktop.nicepage.com/Site_209276618/images/thumbnails/IMG_24022.jpg","width":250,"height":167},"usages":["109539230"]},{"id":"user-image-IMG_2406.jpg","publicUrl":"np://user.desktop.nicepage.com/Site_209276618/images/IMG_2406.jpg","size":294071,"fileName":"IMG_2406.jpg","name":"IMG_2406","width":1600,"height":1067,"thumbnail":{"url":"np://user.desktop.nicepage.com/Site_209276618/images/thumbnails/IMG_2406.jpg","width":250,"height":167},"usages":["109539230"]},{"id":"user-image-DSC_38541.jpg","publicUrl":"np://user.desktop.nicepage.com/Site_209276618/images/DSC_38541.jpg","size":167517,"fileName":"DSC_38541.jpg","name":"DSC_38541","width":1143,"height":1600,"thumbnail":{"url":"np://user.desktop.nicepage.com/Site_209276618/images/thumbnails/DSC_38541.jpg","width":179,"height":250},"usages":["221778914"]},{"id":"user-image-rset-min.jpg","publicUrl":"np://user.desktop.nicepage.com/Site_209276618/images/rset-min.jpg","size":149089,"fileName":"rset-min.jpg","name":"rset-min","width":1200,"height":800,"thumbnail":{"url":"np://user.desktop.nicepage.com/Site_209276618/images/thumbnails/rset-min.jpg","width":250,"height":167},"usages":["71087476"]},{"id":"user-image-fence.jpg","publicUrl":"np://user.desktop.nicepage.com/Site_209276618/images/fence.jpg","size":178785,"fileName":"fence.jpg","name":"fence","width":955,"height":668,"thumbnail":{"url":"np://user.desktop.nicepage.com/Site_209276618/images/thumbnails/fence.jpg","width":250,"height":175},"usages":["71087476"]},{"id":"user-image-BuenaVista.png","publicUrl":"np://user.desktop.nicepage.com/Site_209276618/images/BuenaVista.png","size":6120,"fileName":"BuenaVista.png","name":"BuenaVista","width":225,"height":225,"thumbnail":{"url":"np://user.desktop.nicepage.com/Site_209276618/images/thumbnails/BuenaVista.png","width":225,"height":225,"length":6120},"usages":["71087476"]},{"id":"user-image-Arla.png","publicUrl":"np://user.desktop.nicepage.com/Site_209276618/images/Arla.png","size":73864,"fileName":"Arla.png","name":"Arla","width":335,"height":241,"thumbnail":{"url":"np://user.desktop.nicepage.com/Site_209276618/images/thumbnails/Arla.png","width":250,"height":180},"usages":["71087476"]},{"id":"user-image-Agility.png","publicUrl":"np://user.desktop.nicepage.com/Site_209276618/images/Agility.png","size":80745,"fileName":"Agility.png","name":"Agility","width":567,"height":234,"thumbnail":{"url":"np://user.desktop.nicepage.com/Site_209276618/images/thumbnails/Agility.png","width":250,"height":103},"usages":["71087476"]},{"id":"user-image-IMG_25261.jpg","publicUrl":"np://user.desktop.nicepage.com/Site_209276618/images/IMG_25261.jpg","size":202163,"fileName":"IMG_25261.jpg","name":"IMG_25261","width":1067,"height":1600,"thumbnail":{"url":"np://user.desktop.nicepage.com/Site_209276618/images/thumbnails/IMG_25261.jpg","width":167,"height":250},"usages":["86423430"]},{"id":"user-image-ef5244a91616162db2659b790d922060998438266dcc40e07ac5e21113e5bd7b11eaccafb570f4898b70a574a2d39e7b8fe481d07797a408651a01_1280.jpg","publicUrl":"np://user.desktop.nicepage.com/Site_209276618/images/ef5244a91616162db2659b790d922060998438266dcc40e07ac5e21113e5bd7b11eaccafb570f4898b70a574a2d39e7b8fe481d07797a408651a01_1280.jpg","size":353891,"fileName":"ef5244a91616162db2659b790d922060998438266dcc40e07ac5e21113e5bd7b11eaccafb570f4898b70a574a2d39e7b8fe481d07797a408651a01_1280.jpg","name":"ef5244a91616162db2659b790d922060998438266dcc40e07ac5e21113e5bd7b11eaccafb570f4898b70a574a2d39e7b8fe481d07797a408651a01_1280","width":1280,"height":853,"thumbnail":{"url":"np://user.desktop.nicepage.com/Site_209276618/images/thumbnails/ef5244a91616162db2659b790d922060998438266dcc40e07ac5e21113e5bd7b11eaccafb570f4898b70a574a2d39e7b8fe481d07797a408651a01_1280.jpg","width":250,"height":167},"usages":["71087476"]},{"id":"user-image-564f20ddcdb57b4b93f453bcbccbf3d42a96b4e310e9dd6554008b65aaf0010fba92e6d0593b3526755ec45d689294f4f242a200bc1bb939e4bcfb_1280.jpg","publicUrl":"np://user.desktop.nicepage.com/Site_209276618/images/564f20ddcdb57b4b93f453bcbccbf3d42a96b4e310e9dd6554008b65aaf0010fba92e6d0593b3526755ec45d689294f4f242a200bc1bb939e4bcfb_1280.jpg","size":174970,"fileName":"564f20ddcdb57b4b93f453bcbccbf3d42a96b4e310e9dd6554008b65aaf0010fba92e6d0593b3526755ec45d689294f4f242a200bc1bb939e4bcfb_1280.jpg","name":"564f20ddcdb57b4b93f453bcbccbf3d42a96b4e310e9dd6554008b65aaf0010fba92e6d0593b3526755ec45d689294f4f242a200bc1bb939e4bcfb_1280","width":1280,"height":850,"thumbnail":{"url":"np://user.desktop.nicepage.com/Site_209276618/images/thumbnails/564f20ddcdb57b4b93f453bcbccbf3d42a96b4e310e9dd6554008b65aaf0010fba92e6d0593b3526755ec45d689294f4f242a200bc1bb939e4bcfb_1280.jpg","width":250,"height":166},"usages":["221778914"]},{"id":"user-image-Wilmar.png","publicUrl":"np://user.desktop.nicepage.com/Site_209276618/images/Wilmar.png","size":61180,"fileName":"Wilmar.png","name":"Wilmar","width":424,"height":212,"thumbnail":{"url":"np://user.desktop.nicepage.com/Site_209276618/images/thumbnails/Wilmar.png","width":250,"height":125},"usages":["71087476"]},{"id":"user-image-5.jpg","publicUrl":"np://user.desktop.nicepage.com/Site_209276618/images/5.jpg","size":773323,"fileName":"5.jpg","name":"5","width":1600,"height":900,"thumbnail":{"url":"np://user.desktop.nicepage.com/Site_209276618/images/thumbnails/5.jpg","width":250,"height":141},"usages":["71087476"]},{"id":"user-image-242.jpg","publicUrl":"np://user.desktop.nicepage.com/Site_209276618/images/242.jpg","size":329612,"fileName":"242.jpg","name":"242","width":1600,"height":900,"thumbnail":{"url":"np://user.desktop.nicepage.com/Site_209276618/images/thumbnails/242.jpg","width":250,"height":141},"usages":["71087476"]},{"id":"user-image-23.jpg","publicUrl":"np://user.desktop.nicepage.com/Site_209276618/images/23.jpg","size":128268,"fileName":"23.jpg","name":"23","width":1920,"height":1080,"thumbnail":{"url":"np://user.desktop.nicepage.com/Site_209276618/images/thumbnails/23.jpg","width":250,"height":141},"usages":["71087476"]},{"id":"user-image-Eservices.png","publicUrl":"np://user.desktop.nicepage.com/Site_209276618/images/Eservices.png","size":4098,"fileName":"Eservices.png","name":"Eservices","width":346,"height":146,"thumbnail":{"url":"np://user.desktop.nicepage.com/Site_209276618/images/thumbnails/Eservices.png","width":250,"height":105},"usages":["71087476"]},{"id":"user-image-IMG_2714.jpg","publicUrl":"np://user.desktop.nicepage.com/Site_209276618/images/IMG_2714.jpg","size":166924,"fileName":"IMG_2714.jpg","name":"IMG_2714","width":1600,"height":1067,"thumbnail":{"url":"np://user.desktop.nicepage.com/Site_209276618/images/thumbnails/IMG_2714.jpg","width":250,"height":167},"usages":["96898227"]},{"id":"user-image-KFC.png","publicUrl":"np://user.desktop.nicepage.com/Site_209276618/images/KFC.png","size":116861,"fileName":"KFC.png","name":"KFC","width":396,"height":222,"thumbnail":{"url":"np://user.desktop.nicepage.com/Site_209276618/images/thumbnails/KFC.png","width":250,"height":140},"usages":["71087476"]},{"id":"user-image-Koudijs.png","publicUrl":"np://user.desktop.nicepage.com/Site_209276618/images/Koudijs.png","size":9652,"fileName":"Koudijs.png","name":"Koudijs","width":225,"height":225,"thumbnail":{"url":"np://user.desktop.nicepage.com/Site_209276618/images/thumbnails/Koudijs.png","width":225,"height":225,"length":9652},"usages":["71087476"]},{"id":"user-image-MotivationalQuoteNotificationReminderInstagramPost.jpg","publicUrl":"np://user.desktop.nicepage.com/Site_209276618/images/MotivationalQuoteNotificationReminderInstagramPost.jpg","size":189075,"fileName":"MotivationalQuoteNotificationReminderInstagramPost.jpg","name":"MotivationalQuoteNotificationReminderInstagramPost","width":1600,"height":900,"thumbnail":{"url":"np://user.desktop.nicepage.com/Site_209276618/images/thumbnails/MotivationalQuoteNotificationReminderInstagramPost.jpg","width":250,"height":141},"usages":["71087476"]},{"id":"user-image-Polythank.png","publicUrl":"np://user.desktop.nicepage.com/Site_209276618/images/Polythank.png","size":12635,"fileName":"Polythank.png","name":"Polythank","width":225,"height":225,"thumbnail":{"url":"np://user.desktop.nicepage.com/Site_209276618/images/thumbnails/Polythank.png","width":225,"height":225,"length":12635},"usages":["71087476"]},{"id":"user-image-Somoco.png","publicUrl":"np://user.desktop.nicepage.com/Site_209276618/images/Somoco.png","size":12784,"fileName":"Somoco.png","name":"Somoco","width":180,"height":180,"thumbnail":{"url":"np://user.desktop.nicepage.com/Site_209276618/images/thumbnails/Somoco.png","width":180,"height":180,"length":12784},"usages":["71087476"]},{"id":"user-image-TF.png","publicUrl":"np://user.desktop.nicepage.com/Site_209276618/images/TF.png","size":13294,"fileName":"TF.png","name":"TF","width":254,"height":198,"thumbnail":{"url":"np://user.desktop.nicepage.com/Site_209276618/images/thumbnails/TF.png","width":250,"height":195},"usages":["71087476"]},{"id":"user-image-13.jpg","publicUrl":"np://user.desktop.nicepage.com/Site_209276618/images/13.jpg","size":806449,"fileName":"13.jpg","name":"13","width":1600,"height":900,"thumbnail":{"url":"np://user.desktop.nicepage.com/Site_209276618/images/thumbnails/13.jpg","width":250,"height":141},"usages":["71087476"]},{"id":"user-image-Weir.png","publicUrl":"np://user.desktop.nicepage.com/Site_209276618/images/Weir.png","size":1549,"fileName":"Weir.png","name":"Weir","width":275,"height":183,"thumbnail":{"url":"np://user.desktop.nicepage.com/Site_209276618/images/thumbnails/Weir.png","width":250,"height":166},"usages":["71087476"]},{"id":"user-image-WhatsAppImage2021-03-09at22.47.38.jpeg","publicUrl":"np://user.desktop.nicepage.com/Site_209276618/images/WhatsAppImage2021-03-09at22.47.38.jpeg","size":248985,"fileName":"WhatsAppImage2021-03-09at22.47.38.jpeg","name":"WhatsAppImage2021-03-09at22.47.38","width":2250,"height":1500,"thumbnail":{"url":"np://user.desktop.nicepage.com/Site_209276618/images/thumbnails/WhatsAppImage2021-03-09at22.47.38.jpeg","width":250,"height":167},"usages":["71087476","96898227"]},{"id":"user-image-WhatsAppImage2021-12-07at08.31.18.jpeg","publicUrl":"np://user.desktop.nicepage.com/Site_209276618/images/WhatsAppImage2021-12-07at08.31.18.jpeg","size":51046,"fileName":"WhatsAppImage2021-12-07at08.31.18.jpeg","name":"WhatsAppImage2021-12-07at08.31.18","width":731,"height":1024,"thumbnail":{"url":"np://user.desktop.nicepage.com/Site_209276618/images/thumbnails/WhatsAppImage2021-12-07at08.31.18.jpeg","width":178,"height":250},"usages":["221778914"]},{"id":"user-image-IMG_2622.jpg","publicUrl":"np://user.desktop.nicepage.com/Site_209276618/images/IMG_2622.jpg","size":206557,"fileName":"IMG_2622.jpg","name":"IMG_2622","width":1600,"height":1067,"thumbnail":{"url":"np://user.desktop.nicepage.com/Site_209276618/images/thumbnails/IMG_2622.jpg","width":250,"height":167},"usages":["634518942"]},{"id":"user-image-acp_estates0006-835x467.jpg","publicUrl":"np://user.desktop.nicepage.com/Site_209276618/images/acp_estates0006-835x467.jpg","size":84219,"fileName":"acp_estates0006-835x467.jpg","name":"acp_estates0006-835x467","width":835,"height":467,"thumbnail":{"url":"np://user.desktop.nicepage.com/Site_209276618/images/thumbnails/acp_estates0006-835x467.jpg","width":250,"height":140},"usages":["1637917281"]},{"id":"user-image-d.jpg","publicUrl":"np://user.desktop.nicepage.com/Site_209276618/images/d.jpg","size":34545,"fileName":"d.jpg","name":"d","width":1980,"height":950,"thumbnail":{"url":"np://user.desktop.nicepage.com/Site_209276618/images/thumbnails/d.jpg","width":250,"height":120},"usages":["634518942"]},{"id":"user-image-62.jpg","publicUrl":"np://user.desktop.nicepage.com/Site_209276618/images/62.jpg","size":1116656,"fileName":"62.jpg","name":"62","width":1080,"height":1080,"thumbnail":{"url":"np://user.desktop.nicepage.com/Site_209276618/images/thumbnails/62.jpg","width":250,"height":250},"usages":["1637917281"]},{"id":"user-image-DSC_0717.jpg","publicUrl":"np://user.desktop.nicepage.com/Site_209276618/images/DSC_0717.jpg","size":1783956,"fileName":"DSC_0717.jpg","name":"DSC_0717","width":1600,"height":1067,"thumbnail":{"url":"np://user.desktop.nicepage.com/Site_209276618/images/thumbnails/DSC_0717.jpg","width":250,"height":167},"usages":["1637917281"]},{"id":"user-image-22-min.jpg","publicUrl":"np://user.desktop.nicepage.com/Site_209276618/images/22-min.jpg","size":4321,"fileName":"22-min.jpg","name":"22-min","width":1026,"height":1044,"thumbnail":{"url":"np://user.desktop.nicepage.com/Site_209276618/images/thumbnails/22-min.jpg","width":246,"height":250},"usages":["634518942"]}]