[{"id":69076037,"title":"Blog Template","order":1,"templateKey":"blog","customTemplate":false,"customTemplateFilename":null,"pageLinks":[],"dateCreated":"2021-10-25T09:51:08.750Z","dateUpdated":"2021-10-25T09:51:08.750Z","folderId":null,"pageName":null,"serverPageId":null,"status":2,"backwardUrl":null},{"id":40348347,"title":"Post Template","order":2,"templateKey":"post","customTemplate":false,"customTemplateFilename":null,"pageLinks":[],"dateCreated":"2021-10-25T09:51:08.750Z","dateUpdated":"2021-10-25T09:51:08.750Z","folderId":null,"pageName":null,"serverPageId":null,"status":2,"backwardUrl":null},{"id":849903423,"title":"Product List Template","order":3,"templateKey":"products","customTemplate":false,"customTemplateFilename":null,"pageLinks":[],"dateCreated":"2021-10-25T09:51:08.750Z","dateUpdated":"2021-10-25T09:51:08.750Z","folderId":null,"pageName":null,"serverPageId":null,"status":2,"backwardUrl":null},{"id":162283697,"title":"Product Details Template","order":4,"templateKey":"product","customTemplate":false,"customTemplateFilename":null,"pageLinks":[],"dateCreated":"2021-10-25T09:51:08.750Z","dateUpdated":"2021-10-25T09:51:08.750Z","folderId":null,"pageName":null,"serverPageId":null,"status":2,"backwardUrl":null},{"id":7925298,"title":"Shopping Cart Template","order":5,"templateKey":"cart","customTemplate":false,"customTemplateFilename":null,"pageLinks":[],"dateCreated":"2021-10-25T09:51:08.750Z","dateUpdated":"2021-10-25T09:51:08.750Z","folderId":null,"pageName":null,"serverPageId":null,"status":2,"backwardUrl":null},{"id":660512912,"title":"Checkout Template","order":6,"templateKey":"checkout","customTemplate":false,"customTemplateFilename":null,"pageLinks":[],"dateCreated":"2023-12-14T09:08:09.073Z","dateUpdated":"2023-12-14T09:08:09.732Z","folderId":null,"pageName":"Checkout Template","serverPageId":null,"sectionCount":1,"status":2,"backwardUrl":null},{"id":15648915,"title":"Login Template","order":7,"templateKey":"login","customTemplate":false,"customTemplateFilename":null,"pageLinks":[],"dateCreated":"2021-10-25T09:51:08.750Z","dateUpdated":"2021-10-25T09:51:08.750Z","folderId":null,"pageName":null,"serverPageId":null,"status":2,"backwardUrl":null},{"id":80399665,"title":"Page Password Template","order":8,"templateKey":"password","customTemplate":false,"customTemplateFilename":null,"pageLinks":[],"dateCreated":"2023-12-14T09:08:09.493Z","dateUpdated":"2023-12-14T09:08:09.733Z","folderId":null,"pageName":"Page Password Template","serverPageId":null,"sectionCount":1,"status":2,"backwardUrl":null},{"id":143534652,"title":"404 Not Found Template","order":9,"templateKey":"404","customTemplate":false,"customTemplateFilename":null,"pageLinks":[],"dateCreated":"2021-10-25T09:51:08.750Z","dateUpdated":"2021-10-25T09:51:08.750Z","folderId":null,"pageName":null,"serverPageId":null,"status":2,"backwardUrl":null},{"id":173411800,"title":"Thank You Page Template","order":10,"templateKey":"ThankYou","customTemplate":false,"customTemplateFilename":null,"pageLinks":[],"dateCreated":"2023-12-14T09:08:09.640Z","dateUpdated":"2023-12-14T09:08:09.733Z","folderId":null,"pageName":"Thank You Page Template","serverPageId":null,"sectionCount":1,"status":2,"backwardUrl":null},{"id":71087476,"title":"Home","order":50,"templateKey":null,"customTemplate":false,"customTemplateFilename":null,"pageLinks":["71087476"],"dateCreated":"2022-01-19T09:51:09.711Z","dateUpdated":"2023-12-14T11:46:28.201Z","folderId":null,"pageName":"Home_71087476","serverPageId":null,"sectionCount":7,"status":2,"backwardUrl":null},{"id":221778914,"title":"About Us","order":100,"templateKey":null,"customTemplate":false,"customTemplateFilename":null,"pageLinks":["71087476"],"dateCreated":"2022-01-20T14:55:50.805Z","dateUpdated":"2023-12-14T11:55:40.908Z","folderId":null,"pageName":"About Us_221778914","serverPageId":null,"sectionCount":5,"status":2,"backwardUrl":null},{"id":634518942,"title":"Contact","order":101,"templateKey":null,"customTemplate":false,"customTemplateFilename":null,"pageLinks":["71087476"],"dateCreated":"2021-12-17T22:21:45.433Z","dateUpdated":"2023-12-14T15:22:46.293Z","folderId":null,"pageName":"Contact_634518942","serverPageId":null,"sectionCount":2,"status":2,"backwardUrl":null},{"id":1637917281,"title":"Blog","order":104,"templateKey":null,"customTemplate":false,"customTemplateFilename":null,"pageLinks":["71087476","3","2","1"],"dateCreated":"2021-11-03T09:17:51.917Z","dateUpdated":"2023-12-14T15:18:16.168Z","folderId":null,"pageName":"Blog_1637917281","serverPageId":null,"sectionCount":1,"status":2,"backwardUrl":null},{"id":96898227,"title":"Facilities Management","order":105.25,"templateKey":null,"customTemplate":false,"customTemplateFilename":null,"pageLinks":["71087476"],"dateCreated":"2021-12-15T17:36:55.784Z","dateUpdated":"2023-12-14T13:03:29.898Z","folderId":null,"pageName":"Facilities Management_96898227","serverPageId":null,"sectionCount":5,"status":2,"backwardUrl":null},{"id":757327152,"title":"Security Services","order":106,"templateKey":null,"customTemplate":false,"customTemplateFilename":null,"pageLinks":["71087476"],"dateCreated":"2021-12-15T17:36:20.321Z","dateUpdated":"2023-12-14T12:41:55.352Z","folderId":null,"pageName":"Security Services_757327152","serverPageId":null,"sectionCount":7,"status":2,"backwardUrl":null},{"id":86423430,"title":"Our Services","order":107,"templateKey":null,"customTemplate":false,"customTemplateFilename":null,"pageLinks":[],"dateCreated":"2021-12-15T17:36:36.389Z","dateUpdated":"2021-12-15T17:36:36.391Z","folderId":null,"pageName":"Our Services_86423430","serverPageId":null,"status":2,"backwardUrl":null},{"id":109539230,"title":"Gallery","order":108,"templateKey":null,"customTemplate":false,"customTemplateFilename":null,"pageLinks":["71087476"],"dateCreated":"2021-12-15T18:04:41.721Z","dateUpdated":"2023-12-14T15:05:28.887Z","folderId":null,"pageName":"Gallery_109539230","serverPageId":null,"sectionCount":1,"status":2,"backwardUrl":null}]